Release Group,Gross,Maxtheater,Openning,Percent of total,Openning theater,Date,Year
The Mermaid,4419787,186.0,1155452.0,26.1,186.0,Feb 10,2016
The Secret Life of Pets,2684000,98.0,806141.0,30.0,94.0,Jul 1,2016
Sing,2068427,107.0,925007.0,44.7,107.0,Dec 23,2016
Tia Tui La Cao Thu,1673793,125.0,360582.0,21.5,125.0,Jan 29,2016
Deadpool,1566065,200.0,1566065.0,100.0,200.0,Feb 12,2016
Ice Age: Collision Course,1328126,184.0,564351.0,42.5,184.0,Jul 8,2016
Ouija: Origin of Evil,1153848,103.0,367189.0,31.8,101.0,Oct 28,2016
The Monkey King 2,1051248,176.0,271845.0,25.9,176.0,Feb 8,2016
Assassin's Creed,958894,135.0,405130.0,42.2,135.0,Dec 30,2016
Underworld: Blood Wars,699792,165.0,243810.0,34.8,165.0,Dec 2,2016
Jason Bourne,667000,90.0,285622.0,42.8,90.0,Jul 29,2016
La La Land,654905,89.5,114049.0,17.4,89.5,Dec 16,2016
Inferno,633295,108.0,274126.0,43.3,108.0,Oct 14,2016
The Forest,537702,89.0,177989.0,33.1,89.0,Jan 22,2016
The Danish Girl,416298,46.0,101586.0,24.4,43.0,Jan 15,2016
Central Intelligence,380000,77.0,105700.0,27.8,77.0,Jun 17,2016
The 5th Wave,357581,90.0,155093.0,43.4,90.0,Jan 15,2016
Don't Breathe,344629,90.0,93279.0,27.1,90.0,Aug 26,2016
The Magnificent Seven,334014,98.0,139128.0,41.7,98.0,Sep 23,2016
Deepwater Horizon,315638,100.0,134019.0,42.5,100.0,Sep 30,2016
Ám Anh,294953,78.0,133916.0,45.4,78.0,Feb 10,2016
Kubo and the Two Strings,286483,65.0,79904.0,27.9,65.0,Aug 19,2016
The Shallows,262107,84.0,107279.0,40.9,84.0,Aug 5,2016
Trolls,247486,127.0,247486.0,100.0,127.0,Nov 4,2016
Independence Day: Resurgence,247455,98.0,247455.0,100.0,98.0,Jun 24,2016
Ride Along 2,246096,59.0,109460.0,44.5,59.0,Jan 22,2016
Ghostbusters,180498,88.0,81502.0,45.2,88.0,Jul 29,2016
Bridget Jones's Baby,112000,83.0,43144.0,38.5,83.0,Sep 16,2016
The Tag-Along,82960,35.0,32435.0,39.1,35.0,Jan 15,2016
13 Hours,73293,46.0,73293.0,100.0,46.0,Feb 12,2016
From Vegas to Macau III,60984,52.0,60984.0,100.0,52.0,Feb 12,2016
Nerve,57760,89.5,93646.0,162.1,89.5,Aug 12,2016
Incarnate,44331,43.0,25387.0,57.3,43.0,Dec 2,2016
Money Monster,41621,62.0,20234.0,48.6,62.0,Jun 17,2016
Pride and Prejudice and Zombies,34595,67.0,34595.0,100.0,67.0,Feb 14,2016
Backtrack,13479,20.0,13479.0,100.0,20.0,Jan 29,2016
The Light Between Oceans,4292,14.0,4292.0,100.0,14.0,Oct 7,2016
The Choice,3447,7.0,3447.0,100.0,7.0,Feb 12,2016
The Fate of the Furious,6935211,112.0,3105538.0,44.8,112.0,Apr 14,2017
The Boss Baby,4000590,230.0,1101304.0,27.5,169.0,Mar 31,2017
Despicable Me 3,3318385,120.0,1456872.0,43.9,120.0,Jun 30,2017
Journey to the West: The Demons Strike Back,2509277,154.0,519072.0,20.7,154.0,Jan 28,2017
The Mummy,2427175,116.0,907884.0,37.4,116.0,Jun 9,2017
Logan,2296305,215.0,1037765.0,45.2,215.0,Mar 3,2017
Spider-Man: Homecoming,2140029,305.0,904404.0,42.3,305.0,Jul 7,2017
Resident Evil: The Final Chapter,1200838,135.0,481966.0,40.1,135.0,Feb 10,2017
Smurfs: The Lost Village,1090419,140.0,413659.0,37.9,140.0,Apr 28,2017
Ferdinand,1071470,182.0,456724.0,42.6,182.0,Dec 15,2017
The Great Wall,805200,114.0,291298.0,36.2,114.0,Feb 3,2017
The Foreigner,673511,113.0,326000.0,48.4,113.0,Oct 5,2017
Happy Death Day,628199,131.0,219211.0,34.9,129.0,Oct 27,2017
John Wick: Chapter 2,553757,89.0,107655.0,19.4,89.0,Feb 10,2017
Fifty Shades Darker,541678,113.0,143341.0,26.5,113.0,Feb 10,2017
Split,514473,108.0,128692.0,25.0,108.0,Feb 17,2017
Power Rangers,411762,113.0,198202.0,48.1,113.0,Mar 24,2017
Baby Driver,361517,109.0,155190.0,42.9,109.0,Jun 30,2017
Blade Runner 2049,346535,168.0,234533.0,67.7,168.0,Oct 20,2017
Flatliners,321778,130.0,118794.0,36.9,130.0,Nov 3,2017
The Dark Tower,285230,124.0,136952.0,48.0,124.0,Aug 4,2017
American Made,276981,100.0,116551.0,42.1,100.0,Aug 25,2017
Get Out,252358,107.0,138622.0,54.9,107.0,Apr 6,2017
Arrival,249407,96.0,96537.0,38.7,96.0,Jan 6,2017
Wonder,237874,113.0,62599.0,26.3,113.0,Dec 29,2017
My Little Pony: The Movie,237588,113.0,91600.0,38.6,113.0,Oct 20,2017
Valerian and the City of a Thousand Planets,228211,81.0,102759.0,45.0,70.0,Jul 28,2017
The Emoji Movie,199665,113.0,105546.0,52.9,113.0,Aug 4,2017
Life,178636,82.0,72321.0,40.5,82.0,Mar 24,2017
Only the Brave,133762,113.0,56469.0,42.2,113.0,Oct 20,2017
Pitch Perfect 3,126276,85.0,54726.0,43.3,85.0,Dec 29,2017
Sleepless,124455,90.0,61901.0,49.7,90.0,Jan 13,2017
American Assassin,100337,113.0,122450.0,122.0,113.0,Sep 22,2017
Logan Lucky,77454,113.0,50698.0,65.5,113.0,Sep 15,2017
Rough Night,56239,34.0,18749.0,33.3,34.0,Jul 28,2017
The Beguiled,46064,56.0,15264.0,33.1,56.0,Jul 14,2017
Victoria & Abdul,27394,69.0,8160.0,29.8,69.0,Nov 24,2017
Wonder Wheel,15295,58.0,8113.0,53.0,58.0,Dec 8,2017
Jurassic World: Fallen Kingdom,4142077,159.0,1585144.0,38.3,154.0,Jun 8,2018
Deadpool 2,4137423,431.0,2016162.0,48.7,431.0,May 18,2018
Venom,3789755,501.0,1050309.0,27.7,501.0,Oct 12,2018
Skyscraper,2295536,159.0,633291.0,27.6,156.0,Jul 13,2018
Hotel Transylvania 3: Summer Vacation,2109740,260.0,499549.0,23.7,260.0,Jul 11,2018
Johnny English Strikes Again,1957588,166.0,719066.0,36.7,163.0,Sep 21,2018
Insidious: The Last Key,1829548,330.0,768640.0,42.0,330.0,Jan 5,2018
Pacific Rim: Uprising,1327032,145.0,731734.0,55.1,143.0,Mar 23,2018
Maze Runner: The Death Cure,1313117,283.0,473817.0,36.1,283.0,Jan 26,2018
Peter Rabbit,1043544,111.0,265427.0,25.4,111.0,Feb 16,2018
The Grinch,712889,164.0,346738.0,48.6,163.0,Nov 9,2018
Fifty Shades Freed,654225,136.0,145006.0,22.2,136.0,Feb 14,2018
Spider-Man: Into the Spider-Verse,651668,178.0,130945.0,20.1,178.0,Dec 14,2018
Mortal Engines,474440,164.0,311842.0,65.7,164.0,Dec 7,2018
The Possession of Hannah Grace,463686,170.0,185723.0,40.1,170.0,Dec 21,2018
Goosebumps 2: Haunted Halloween,407046,186.0,186112.0,45.7,186.0,Oct 26,2018
The Equalizer 2,352144,165.0,159127.0,45.2,165.0,Aug 24,2018
The Darkest Minds,332589,188.0,187183.0,56.3,188.0,Aug 3,2018
Alpha,308110,156.0,136258.0,44.2,156.0,Aug 17,2018
Robin Hood,291383,159.0,128516.0,44.1,156.0,Nov 30,2018
The Girl in the Spider's Web,249060,205.0,136305.0,54.7,205.0,Nov 9,2018
Show Dogs,235238,131.0,79584.0,33.8,131.0,Jun 8,2018
Searching,214311,155.0,77575.0,36.2,155.0,Nov 30,2018
Mamma Mia! Here We Go Again,202981,118.0,82833.0,40.8,118.0,Jul 20,2018
Down a Dark Hall,164619,151.0,76408.0,46.4,151.0,Aug 17,2018
The Spy Who Dumped Me,163620,223.0,58849.0,36.0,223.0,Aug 3,2018
12 Strong,150963,159.0,68260.0,45.2,156.0,Jan 26,2018
Adrift,103700,83.0,38380.0,37.0,83.0,Jun 8,2018
A Simple Favor,101430,159.0,35246.0,34.7,156.0,Oct 19,2018
Den of Thieves,89643,35.0,59000.0,65.8,35.0,Feb 2,2018
First Man,74606,100.0,38657.0,51.8,100.0,Oct 19,2018
Hotel Artemis,66669,159.0,127025.0,190.5,156.0,Jun 15,2018
Lady Bird,60824,71.0,26570.0,43.7,71.0,Feb 23,2018
Sicario: Day of the Soldado,40553,159.0,95893.0,236.5,156.0,Jul 6,2018
Darkest Hour,38671,65.0,20843.0,53.9,65.0,Jan 19,2018
Kin,15357,57.0,8095.0,52.7,57.0,Sep 14,2018
Based on a True Story,4275,14.0,2202.0,51.5,14.0,Mar 23,2018
Avengers: Endgame,11703305,893.0,2971259.0,25.4,724.0,Apr 26,2019
Dreamy Eyes,7061163,8229.0,1772473.0,25.1,8229.0,Dec 19,2019
Fast & Furious Presents: Hobbs & Shaw,6708647,9701.0,2100284.0,31.3,9701.0,Aug 2,2019
Spider-Man: Far from Home,4774244,8657.0,1617278.0,33.9,8657.0,Jul 3,2019
Captain Marvel,4008703,893.0,1941441.0,48.4,724.0,Mar 8,2019
The Lion King,3966338,7787.0,1316871.0,33.2,7787.0,Jul 17,2019
Dora and the Lost City of Gold,3937972,1312.0,12249.0,0.3,1312.0,Aug 9,2019
Maleficent: Mistress of Evil,3647851,7687.0,1520574.0,41.7,7687.0,Oct 18,2019
Face Off: The Walking Guests,3592627,893.0,1199622.0,33.4,724.0,Apr 11,2019
Aladdin,3475046,1254.0,1029650.0,29.6,724.0,May 23,2019
Godzilla: King of the Monsters,3390713,1645.0,1351097.0,39.8,724.0,May 31,2019
Frozen II,3351572,7961.0,1226089.0,36.6,7961.0,Nov 20,2019
How to Train Your Dragon: The Hidden World,3203827,177.0,1596100.0,49.8,177.0,Feb 8,2019
It Chapter Two,3198434,7443.0,1330799.0,41.6,7443.0,Sep 6,2019
Parasite,3148949,4291.0,624238.0,19.8,4291.0,Jun 20,2019
Joker,3030739,7757.0,1196496.0,39.5,7757.0,Oct 3,2019
Sister Sister,2978284,4287.0,586156.0,19.7,4287.0,Dec 18,2019
The Secret Life of Pets 2,2774499,3361.0,52325.0,1.9,465.0,Jul 6,2019
Blind Shaman,2502948,3602.0,869810.0,34.8,4.0,Nov 6,2019
Jumanji: The Next Level,2480750,551.0,811001.0,32.7,551.0,Dec 11,2019
Friend Zone,2115225,893.0,471077.0,22.3,724.0,Mar 15,2019
Alita: Battle Angel,2071567,322.0,1503851.0,72.6,322.0,Feb 15,2019
13rd Sister,1959302,893.0,630274.0,32.2,724.0,Mar 29,2019
Dear Devil Brother,1950104,4470.0,458922.0,23.5,4470.0,Nov 27,2019
Crawl,1947055,4428.0,641069.0,32.9,4428.0,Aug 16,2019
Kumanthong,1907218,5643.0,691179.0,36.2,5643.0,Oct 8,2019
Shazam!,1822160,893.0,774486.0,42.5,724.0,Apr 5,2019
Home Sweet Home,1624955,5977.0,876297.0,53.9,5977.0,Oct 24,2019
John Wick: Chapter 3 - Parabellum,1566580,65.0,670834.0,42.8,724.0,May 15,2019
Terminator: Dark Fate,1558233,5487.0,700872.0,45.0,5487.0,Oct 31,2019
Pokémon: Detective Pikachu,1512473,893.0,582913.0,38.5,724.0,May 10,2019
Us,1400192,893.0,479615.0,34.3,724.0,Mar 20,2019
Romang,1374240,1899.0,278207.0,20.2,1829.0,Jul 26,2019
Men in Black: International,1291570,4838.0,573682.0,44.4,4838.0,Jun 13,2019
The Angry Birds Movie 2,1278415,2667.0,181120.0,14.2,2.0,Aug 17,2019
Angel Has Fallen,1225314,3391.0,399645.0,32.6,3391.0,Aug 23,2019
Scary Stories to Tell in the Dark,1223354,3524.0,515849.0,42.2,3524.0,Aug 9,2019
Toy Story 4,1186389,3790.0,341662.0,28.8,3790.0,Jun 20,2019
Doraemon: Nobita's Chronicle of the Moon Exploration,1055849,1373.0,366901.0,34.7,724.0,May 22,2019
Spies in Disguise,1049576,2344.0,284653.0,27.1,2344.0,Dec 26,2019
The Curse of La Llorona,1022504,893.0,169517.0,16.6,724.0,Apr 30,2019
Superstar Teacher,994646,2670.0,71741.0,7.2,480.0,Aug 23,2019
Ne Zha,909807,2070.0,294204.0,32.3,2070.0,Sep 17,2019
47 Meters Down: Uncaged,866010,1749.0,438619.0,50.6,191.0,Sep 26,2019
Exit,841337,1513.0,180779.0,21.5,1513.0,Aug 9,2019
Charlie's Angels,837992,389.0,384728.0,45.9,389.0,Nov 14,2019
One Piece: Stampede,797604,2837.0,281971.0,35.4,2837.0,Dec 31,2019
Hellboy,752834,1.0,68875.0,44.95,1.0,Apr 11,2019
Happy Death Day 2U,702558,174.0,264344.0,37.6,174.0,Feb 15,2019
Knives Out,689376,893.0,267446.0,38.8,724.0,Nov 28,2019
A Dog's Way Home,607777,151.0,190224.0,31.3,151.0,Jan 11,2019
Escape Room,592661,172.0,184074.0,31.1,172.0,Jan 4,2019
Dumbo,559649,893.0,253158.0,45.2,724.0,Mar 29,2019
Weathering with You,539221,1987.0,220975.0,41.0,1987.0,Aug 30,2019
The Hustle,532807,893.0,199544.0,37.5,724.0,May 10,2019
The Queen's Corgi,517913,893.0,62392.0,12.0,724.0,Apr 26,2019
Love Battle,508781,2356.0,246027.0,48.4,2356.0,Sep 13,2019
Pee Nak,500963,101.0,234511.0,46.8,724.0,May 24,2019
Miss Gangster,486842,2250.0,175668.0,36.1,2250.0,Nov 15,2019
Doctor Sleep,485284,949.0,136731.0,28.2,2.0,Nov 8,2019
The Mother,481834,893.0,178470.0,37.0,724.0,Mar 29,2019
Butterfly House,435955,2088.0,140823.0,32.3,2088.0,Aug 28,2019
Autumn Promise,413088,893.0,160301.0,38.8,724.0,May 10,2019
Zombieland: Double Tap,397834,213.0,192088.0,48.3,213.0,Oct 25,2019
Queen of Spades: Through the Looking Glass,391670,1973.0,182268.0,46.5,1973.0,Jul 12,2019
Wonder Park,385973,893.0,206150.0,53.4,724.0,Mar 15,2019
The Bad Guys: The Movie,383662,1301.0,152256.0,39.7,1301.0,Oct 11,2019
Naughty Teenager,362606,1744.0,148309.0,40.9,1744.0,Sep 20,2019
Abominable,356691,2010.0,203102.0,56.9,2010.0,Oct 4,2019
Goodbye Mother,355938,596.0,162054.0,45.5,2.0,Aug 16,2019
Detective Conan: The Fist of Blue Sapphire,298655,1181.0,117256.0,39.3,1181.0,Aug 22,2019
P Storm,291324,1335.0,135852.0,46.6,1335.0,Jul 12,2019
Bring the Soul: The Movie,279517,1192.0,82902.0,29.7,937.0,Aug 7,2019
Five Feet Apart,266907,893.0,33781.0,12.7,724.0,Mar 29,2019
Inseparable Bros,260073,893.0,85725.0,33.0,724.0,May 10,2019
Trouble,244482,545.0,54430.0,22.3,454.0,Oct 11,2019
Jade Dynasty,238620,1609.0,129013.0,54.1,1609.0,Sep 20,2019
The Addams Family,212509,181.0,103661.0,48.8,181.0,Oct 25,2019
Last Christmas,207026,185.0,91221.0,44.1,185.0,Dec 6,2019
Geugye doel nom,205213,992.0,72367.0,35.3,992.0,Oct 25,2019
Terra Willy,204672,1.0,68875.0,44.95,1.0,Apr 11,2019
Hotel Mumbai,199648,893.0,57779.0,28.9,724.0,Mar 22,2019
The Water Witch,199648,893.0,12720.0,6.4,724.0,Mar 29,2019
The White Storm 2: Drug Lords,198886,689.0,77591.0,39.0,689.0,Aug 9,2019
Sadako,198193,1506.0,88407.0,44.6,1506.0,Jul 19,2019
Shadow,192615,893.0,64214.0,33.3,724.0,Mar 29,2019
Ad Astra,189428,1313.0,95840.0,50.6,1313.0,Sep 20,2019
Playing with Fire,179639,932.0,108829.0,60.6,932.0,Nov 8,2019
Once Upon a Time... in Hollywood,169139,773.0,81857.0,48.4,773.0,Aug 16,2019
The Happiness of a Mother,167217,893.0,114186.0,68.3,724.0,Mar 8,2019
A Shaun the Sheep Movie: Farmageddon,164195,1153.0,104287.0,63.5,1153.0,Sep 27,2019
The Golem,161424,893.0,28097.0,17.4,724.0,Mar 15,2019
The Third Wife,147902,893.0,147902.0,100.0,724.0,May 17,2019
Rambo: Last Blood,147152,650.0,50588.0,34.4,650.0,Dec 26,2019
Sang Krasue,142637,70.0,46997.0,32.9,724.0,May 31,2019
Nguoi La Oi,134222,1179.0,77845.0,58.0,1179.0,Sep 13,2019
Dino King 3D: Journey to Fire Mountain,133384,815.0,65316.0,49.0,815.0,Jun 14,2019
Iron Mask,130209,707.0,57278.0,44.0,707.0,Sep 20,2019
Escape Plan: The Extractors,129485,1045.0,66009.0,51.0,1045.0,Jul 12,2019
Good Morning and Good Night,128079,909.0,41595.0,32.5,909.0,Sep 26,2019
Ford v Ferrari,126561,891.0,51199.0,40.5,891.0,Nov 29,2019
Crazy Romance,125853,938.0,57024.0,45.3,938.0,Oct 4,2019
Vo Gian Dao,124606,893.0,73728.0,59.2,724.0,May 24,2019
Truyên Ngan,122699,1403.0,122699.0,100.0,1403.0,Sep 26,2019
Mermaid Down,116466,1082.0,72105.0,61.9,1082.0,Nov 22,2019
21 Bridges,113607,1060.0,51732.0,45.5,1060.0,Nov 29,2019
"Cheer Up, Mr. Lee",113348,1043.0,59015.0,52.1,1043.0,Sep 13,2019
Red Shoes and the Seven Dwarfs,110168,499.0,40075.0,36.4,499.0,Dec 27,2019
Death Whisper,109845,893.0,53201.0,48.4,893.0,Aug 23,2019
Norm of the North: King Sized Adventure,106889,690.0,62661.0,58.6,690.0,Aug 2,2019
Countdown,104125,684.0,36447.0,35.0,684.0,Oct 25,2019
Heavenly Being with You,104041,1077.0,57588.0,55.4,1077.0,Jul 12,2019
The Art of Racing in the Rain,100431,839.0,65369.0,65.1,839.0,Sep 13,2019
Ghost Father,98619,1048.0,59773.0,60.6,1048.0,Aug 23,2019
Kim Ji-young: Born 1982,96756,741.0,34850.0,36.0,741.0,Nov 1,2019
Zombie for Sale,92519,893.0,54868.0,59.3,724.0,Mar 15,2019
Black Christmas,88387,1101.0,42943.0,48.6,1101.0,Dec 13,2019
Nhan Duyen: Nguoi Yeu Tien Kiep,85762,1023.0,55097.0,64.2,1023.0,Oct 4,2019
Start-Up,85749,274.0,19173.0,22.4,274.0,Dec 27,2019
Upin & Ipin: Keris Siamang Tunggal,83857,893.0,13719.0,16.4,724.0,Apr 26,2019
Line Walker 2: Invisible Spy,82148,565.0,36628.0,44.6,565.0,Sep 6,2019
The Current War,81918,918.0,52379.0,63.9,918.0,Jul 26,2019
Tim Chong Cho Me,78512,1404.0,54121.0,68.9,1404.0,Jul 26,2019
"My Tyrano: Together, Forever",73858,466.0,27193.0,36.8,466.0,Dec 13,2019
UglyDolls,72871,893.0,13773.0,18.9,724.0,May 1,2019
Sunset Promise,72674,893.0,48028.0,66.1,724.0,May 24,2019
GG Bond: Lollipop in Fantasy,70578,306.0,31195.0,44.2,306.0,Aug 30,2019
The Big Trip,70198,893.0,42750.0,60.9,724.0,May 31,2019
"The Gangster, the Cop, the Devil",67518,50.0,28098.0,41.6,724.0,May 31,2019
"Love, Again",61732,476.0,28956.0,46.9,476.0,Dec 27,2019
Boo!,59652,37.0,47725.0,80.0,1.0,Jun 21,2019
Infection,58953,502.0,26896.0,45.6,502.0,Oct 31,2019
Ice Princess Lily,58552,893.0,46161.0,78.8,724.0,May 17,2019
BoBoiBoy Movie 2,56245,250.0,23333.0,41.5,250.0,Aug 30,2019
Gemini Man,52497,2649.0,279190.0,531.8,2649.0,Oct 11,2019
Deadtectives,50728,643.0,32693.0,64.4,643.0,Sep 13,2019
The Hole in the Ground,48767,893.0,26927.0,55.2,724.0,Apr 19,2019
The Intruder,48271,893.0,27824.0,57.6,724.0,May 17,2019
Step Up China,46406,530.0,29875.0,64.4,530.0,Jul 19,2019
Rocketman,45733,1290.0,19277.0,42.2,447.0,Jun 14,2019
Kuntilanak 2,45422,596.0,26299.0,57.9,596.0,Nov 8,2019
Primal,45071,442.0,23946.0,53.1,442.0,Dec 27,2019
Warning: Do Not Play,44662,829.0,28400.0,63.6,829.0,Sep 26,2019
Yesterday,44440,439.0,23088.0,52.0,439.0,Sep 20,2019
Ngôc Oi Tuôi 17,42238,676.0,18201.0,43.1,676.0,Nov 20,2019
Stray,39370,573.0,20661.0,52.5,573.0,Nov 15,2019
Break,35297,893.0,20330.0,57.6,724.0,Apr 19,2019
Violet Evergarden: Eternity and the Auto Memory Doll,34326,300.0,22494.0,65.5,300.0,Nov 1,2019
The Farewell,31389,499.0,16751.0,53.4,499.0,Oct 11,2019
Cats,30093,103.0,21441.0,71.2,103.0,Dec 24,2019
Prey2019 Re-release,29323,407.0,17353.0,59.2,407.0,Sep 20,2019
A Rainy Day in New York,28123,279.0,13199.0,46.9,279.0,Oct 18,2019
Ghost in the Graveyard,27311,384.0,18263.0,66.9,384.0,Oct 18,2019
Fortuna's Eye,25213,363.0,14594.0,57.9,363.0,Jul 12,2019
All the Devil's Men,24615,893.0,24033.0,97.6,724.0,Mar 22,2019
"Ca Chon, Anh Dung Di!",24130,893.0,16769.0,69.5,724.0,May 15,2019
Mary,23890,301.0,14622.0,61.2,301.0,Oct 18,2019
"Hello, Love, Goodbye",23631,325.0,10620.0,44.9,325.0,Sep 26,2019
The Drone,20429,465.0,13565.0,66.4,465.0,Nov 22,2019
Crayon Shin-chan: Honeymoon Hurricane - The Lost Hiroshi,20352,280.0,12474.0,61.3,280.0,Sep 6,2019
At the End of the Tunnel2019 Re-release,18887,893.0,8250.0,43.7,724.0,May 31,2019
Race to Freedom: Um Bok Dong,18193,893.0,17617.0,96.8,724.0,Mar 22,2019
Aladdin 2,17965,893.0,10752.0,59.8,724.0,Apr 19,2019
Running Man,17387,893.0,11278.0,64.9,724.0,Apr 19,2019
Dragon Ball Super: Broly,16864,893.0,16553.0,98.2,724.0,Mar 22,2019
Bikes,16618,277.0,10545.0,63.5,277.0,Jun 26,2019
The Command,14399,238.0,7956.0,55.3,238.0,Aug 16,2019
Danur 2: Maddah,13432,226.0,6855.0,51.0,226.0,Nov 29,2019
Itsi Bitsi2019 Re-release,13410,307.0,13329.0,99.4,307.0,Sep 13,2019
The Big Wish,11973,282.0,9030.0,75.4,282.0,Nov 1,2019
The Vampire,10759,246.0,5809.0,54.0,246.0,Aug 23,2019
Elcano & Magellan: The First Voyage Around the World,9759,148.0,8071.0,82.7,148.0,Nov 29,2019
Ghost Walk,9405,167.0,5281.0,56.2,167.0,Sep 13,2019
The Murder of Nicole Brown Simpson,8931,128.0,4674.0,52.3,128.0,Dec 27,2019
Khun Phaen Begins,6892,164.0,3957.0,57.4,164.0,Nov 8,2019
The First Swallows,6718,141.0,6462.0,96.2,141.0,Aug 9,2019
Blood Moon Party,6709383,10143.0,1237888.0,18.5,10143.0,Oct 20,2020
Peninsula,3455372,8239.0,1068588.0,30.9,7479.0,Jul 17,2020
Doi Mat Am Duong,2642944,4092.0,232739.0,8.8,4092.0,Jan 17,2020
Rom,2509318,9847.0,1223332.0,48.8,9847.0,Sep 25,2020
Wonder Woman 1984,1983902,7766.0,755784.0,38.1,7766.0,Dec 18,2020
30 Chua Phai Tet,1957005,3247.0,780937.0,39.9,3247.0,Jan 25,2020
Dolittle,1912127,207.0,380775.0,19.9,206.0,Jan 25,2020
Tenet,1402704,5246.0,427166.0,30.5,5246.0,Aug 27,2020
Pee Nak 2,1302777,3835.0,239416.0,18.4,3835.0,Jul 3,2020
Birds of Prey,1229778,5944.0,521314.0,42.4,5944.0,Feb 6,2020
Drama Queen,972116,4410.0,581043.0,59.8,4410.0,Feb 14,2020
Soul,939026,2069.0,172929.0,18.4,2069.0,Dec 25,2020
Extreme Job,910880,2089.0,210256.0,23.1,2089.0,Dec 11,2020
Doraemon the Movie: Nobita's New Dinosaur,907551,2354.0,163811.0,18.0,2354.0,Dec 11,2020
Greenland,866652,3175.0,292587.0,33.8,3175.0,Sep 11,2020
The Croods: A New Age,829750,2582.0,385000.0,46.4,191.0,Nov 27,2020
Secret Zoo,821087,1608.0,154346.0,18.8,1299.0,Feb 14,2020
The Grudge,810242,209.0,271725.0,33.5,209.0,Jan 1,2020
Monster Hunter,731529,3022.0,297799.0,40.7,3022.0,Dec 31,2020
Demon Slayer: Kimetsu no Yaiba - The Movie: Mugen Train,714373,3884.0,293640.0,41.1,3884.0,Dec 11,2020
The Invisible Man,701541,3936.0,298476.0,42.5,3936.0,Feb 28,2020
Scoob!,631000,2470.0,168592.0,26.7,2470.0,Jul 10,2020
Intruder,619931,3373.0,201174.0,32.5,3373.0,Jun 26,2020
Brahms: The Boy II,588928,3393.0,307369.0,52.2,3393.0,Feb 21,2020
Pawn,575149,2778.0,187190.0,32.5,2778.0,Oct 9,2020
Star Wars: Episode IX - The Rise of Skywalker,551485,1799.0,201569.0,36.6,1799.0,Jan 1,2020
Trai Tim Quai Vat,548175,3191.0,110193.0,20.1,1834.0,Nov 14,2020
Fantasy Island,547066,215.0,335570.0,61.3,215.0,Feb 13,2020
Bloodshot,540460,268.0,298144.0,55.2,268.0,Mar 13,2020
Howling Village,520660,2355.0,318643.0,61.2,2355.0,Feb 14,2020
Bad Boys for Life,520289,196.0,216816.0,41.7,196.0,Jan 16,2020
The Witches,489078,1783.0,84235.0,17.2,936.0,Oct 30,2020
The New Mutants,480756,2545.0,135571.0,28.2,2545.0,Sep 2,2020
Pets United,462772,828.0,99341.0,21.5,828.0,Jan 25,2020
Trolls World Tour,455892,2200.0,133821.0,29.4,2200.0,May 29,2020
The Call of the Wild,450749,2394.0,180630.0,40.1,2394.0,Feb 21,2020
The Ghoul: Horror At The Howling Field,414862,1707.0,147383.0,35.5,1707.0,Oct 29,2020
Sonic the Hedgehog,400662,2839.0,192126.0,48.0,2839.0,Feb 21,2020
100% Wolf,361539,1502.0,33133.0,9.2,718.0,Jun 21,2020
Black Water: Abyss,346552,2376.0,138071.0,39.8,2376.0,Aug 5,2020
Hitman: Agent Jun,328921,1065.0,110456.0,33.6,1065.0,Feb 14,2020
Invisible Evidence,324791,2807.0,148219.0,45.6,2807.0,Jul 8,2020
The Wretched,302841,2679.0,134256.0,44.3,2679.0,Jun 21,2020
Lingering,265265,2125.0,103819.0,39.1,2125.0,Jun 5,2020
Honest Thief,223850,2154.0,120888.0,54.0,2154.0,Oct 10,2020
The Golden Holiday,223672,1184.0,108992.0,48.7,1184.0,Oct 30,2020
Pinocchio,214934,1862.0,111012.0,51.6,1862.0,Jul 24,2020
Deliver Us from Evil,211670,1381.0,86709.0,41.0,1381.0,Sep 4,2020
Dragon Rider,205290,1328.0,131130.0,63.9,1328.0,Dec 31,2020
Ghosts of War,202941,1625.0,79730.0,39.3,1625.0,Jul 29,2020
Behind You,202911,1388.0,73546.0,36.2,1388.0,Aug 19,2020
In the Name of Love,202474,1658.0,91822.0,45.4,1658.0,Nov 20,2020
Bigfoot Family,196329,1057.0,34438.0,17.5,563.0,Sep 18,2020
Gretel & Hansel,192146,1379.0,112076.0,58.3,1379.0,Jan 31,2020
Break the Silence: The Movie,189151,292.0,94556.0,50.0,2.0,Sep 10,2020
My Spy,184505,839.0,51843.0,28.1,684.0,Aug 12,2020
Midway,183170,1273.0,48617.0,26.5,1273.0,May 29,2020
Classic Again,175027,1627.0,72105.0,41.2,1627.0,Jun 16,2020
Antebellum,172693,1621.0,85978.0,49.8,1621.0,Sep 4,2020
Run,163494,1259.0,80725.0,49.4,1259.0,Nov 20,2020
Collectors,147071,1325.0,74836.0,50.9,1325.0,Dec 4,2020
Inmate Zero,141129,1488.0,83925.0,59.5,1488.0,Feb 28,2020
My God! Father,139511,1185.0,60934.0,43.7,1185.0,Nov 13,2020
The Widow,137547,1749.0,81154.0,59.0,1749.0,Oct 1,2020
The Banishing,131564,1370.0,65223.0,49.6,1370.0,Dec 4,2020
Jungle Beat: The Movie,128344,712.0,43160.0,33.6,693.0,Sep 11,2020
The Unfamiliar,126360,1102.0,59055.0,46.7,1102.0,Sep 18,2020
Violet Evergarden: The Movie,122011,1317.0,71394.0,58.5,1317.0,Dec 4,2020
Freaky,120744,1489.0,65014.0,53.8,1489.0,Nov 27,2020
Norm of the North: Family Vacation,119287,629.0,18672.0,15.7,450.0,Aug 29,2020
Fukushima 50,116117,1084.0,46501.0,40.0,1084.0,Jun 12,2020
The Divine Move 2: The Wrathful,115036,806.0,62928.0,54.7,806.0,Jan 31,2020
Little Women,111213,98.0,32484.0,29.2,98.0,Feb 7,2020
Monster Zone,110715,909.0,42617.0,38.5,909.0,Aug 28,2020
Low Season,103986,775.0,39443.0,37.9,775.0,Jul 10,2020
Sputnik,103408,1411.0,62089.0,60.0,1411.0,Oct 16,2020
A Piece of Cake,103180,748.0,37923.0,36.8,748.0,Oct 16,2020
The Room2020 Re-release,102938,990.0,56109.0,54.5,990.0,Feb 7,2020
Sea Fever,102239,1297.0,61298.0,60.0,1297.0,Jun 26,2020
The Gentlemen,101617,570.0,21121.0,20.8,287.0,Feb 24,2020
Tidal Wave,100499,1529.0,51067.0,50.8,1529.0,Oct 16,2020
Inheritance,97085,1277.0,50418.0,51.9,1277.0,Jun 12,2020
Latte & the Magic Waterstone,96263,858.0,32234.0,33.5,858.0,Jun 21,2020
"Turu, the Wacky Hen",91605,957.0,55707.0,60.8,957.0,Oct 2,2020
Tootsies & the Fake,91587,241.0,7651.0,8.4,149.0,Jan 25,2020
Secrets of the Wind,84892,773.0,17291.0,20.4,626.0,Nov 20,2020
Happy Old Year,81294,789.0,53751.0,66.1,789.0,Feb 14,2020
Unhinged,80188,934.0,34664.0,43.2,934.0,Jul 31,2020
The Tower,79081,1188.0,43713.0,55.3,1188.0,Nov 20,2020
Relic,78463,747.0,30843.0,39.3,747.0,Jul 17,2020
Doctor Strange2020 Re-release,77681,1194.0,44335.0,57.1,1194.0,Sep 18,2020
The Clearing,77182,911.0,40382.0,52.3,911.0,Oct 10,2020
Ava,76944,1163.0,52078.0,67.7,1163.0,Oct 2,2020
Coma,76877,945.0,38378.0,49.9,945.0,May 29,2020
Toi La Nao Ca Vang,69910,1086.0,36699.0,52.5,1086.0,Jun 5,2020
Skylines,69808,960.0,49978.0,71.6,960.0,Dec 11,2020
Invasion,65316,690.0,37820.0,57.9,690.0,Sep 18,2020
The Night Clerk,62503,1055.0,37402.0,59.8,1055.0,Jun 4,2020
Thang Máy,62272,1018.0,45881.0,73.7,1018.0,Oct 30,2020
Rogue,62129,1033.0,62116.0,100.0,1033.0,Aug 21,2020
Achoura,60148,1039.0,31876.0,53.0,1039.0,Jun 26,2020
Stare,53545,1123.0,28155.0,52.6,1123.0,Jun 21,2020
The Wishmas Tree,49238,873.0,33822.0,68.7,873.0,Jun 12,2020
The Late Night Ride,47803,914.0,29982.0,62.7,914.0,Feb 28,2020
Oh! My Gran,46734,618.0,29140.0,62.4,618.0,Sep 18,2020
Simon's Got a Gift,45072,575.0,25724.0,57.1,575.0,Aug 21,2020
Vo Sinh Dai Chien,44157,937.0,36445.0,82.5,937.0,Dec 31,2020
Mr. Zoo: The Missing VIP,41327,447.0,19795.0,47.9,447.0,Feb 21,2020
Fate/stay night [Heaven's Feel] III. spring song,40663,488.0,20460.0,50.3,488.0,Nov 13,2020
Big Hero 62020 Re-release,40318,703.0,12726.0,31.6,703.0,Jul 31,2020
The Foggy Mountain-Dinh Mu Suong,38376,574.0,13862.0,36.1,574.0,Jul 15,2020
Force of Nature,37724,723.0,21117.0,56.0,723.0,Jul 3,2020
Transference,37483,775.0,25646.0,68.4,775.0,Oct 2,2020
The Swordsman,37442,519.0,18648.0,49.8,519.0,Nov 13,2020
The Cave,37138,321.0,15675.0,42.2,321.0,Jan 3,2020
Captain America: Civil War2020 Re-release,35827,737.0,15984.0,44.6,737.0,Aug 7,2020
E Riam Sing,34761,697.0,22910.0,65.9,697.0,Dec 4,2020
I Still Believe,33137,297.0,27204.0,82.1,912.5,Mar 13,2020
Bloodlust Beauty,32649,399.0,825.0,2.5,79.0,Dec 4,2020
The Crawler,32346,960.0,19320.0,59.7,960.0,Dec 4,2020
The Sonata,31928,704.0,20740.0,65.0,704.0,Jun 12,2020
Jiu Jitsu,30050,541.0,20355.0,67.7,541.0,Nov 20,2020
Coco,29049,813.0,18761.0,64.6,813.0,Oct 10,2020
The Magic Kids: Three Unlikely Heroes,28634,453.0,19623.0,68.5,453.0,Sep 18,2020
Mermaid in Paris,28555,452.0,16708.0,58.5,452.0,Sep 11,2020
Check In Shock,28528,464.0,14391.0,50.4,464.0,Jul 10,2020
The Housemaid,28015,396.0,13696.0,48.9,396.0,Sep 11,2020
"Mo' Money, Mo' Problems",27699,383.0,11772.0,42.5,383.0,Jan 31,2020
Without a Body,27453,484.0,14774.0,53.8,484.0,Jul 10,2020
Survive the Night,27096,522.0,14181.0,52.3,522.0,Jul 3,2020
Your Eyes Tell,26396,441.0,12666.0,48.0,441.0,Nov 13,2020
FLCL Progressive: Stone Skipping,26315,654.0,18327.0,69.6,654.0,Dec 11,2020
Search Out,26105,518.0,18620.0,71.3,518.0,May 29,2020
The Voices,26011,481.0,12560.0,48.3,481.0,Jul 3,2020
Diva,24276,613.0,12951.0,53.3,613.0,Nov 13,2020
Alone,24181,763.0,14105.0,58.3,366.0,Nov 27,2020
You're Not Alone,23917,238.0,8968.0,37.5,238.0,Aug 14,2020
More Than Family,23781,463.0,12063.0,50.7,463.0,Nov 27,2020
The Craft: Legacy,22142,570.0,14624.0,66.0,570.0,Oct 30,2020
Endless,21826,359.0,10990.0,50.4,359.0,Aug 7,2020
The Doorman,21708,545.0,13562.0,62.5,545.0,Oct 16,2020
ParasiteBlack & White,19679,181.0,5701.0,29.0,181.0,Feb 24,2020
Mortal,19652,396.0,11591.0,59.0,396.0,Jul 17,2020
Let It Snow,19578,476.0,12727.0,65.0,476.0,Oct 10,2020
Murders At The House Of Death,19505,319.0,8698.0,44.6,319.0,Sep 25,2020
Hunter's Moon,18004,394.0,11194.0,62.2,394.0,Sep 18,2020
Night of the Undead,17718,395.0,9854.0,55.6,395.0,Nov 27,2020
Ghost Writer,17395,320.0,8914.0,51.2,320.0,Jul 31,2020
Hard Kill,14989,312.0,9836.0,65.6,312.0,Sep 4,2020
Bombshell,14719,338.0,11807.0,80.2,338.0,Jan 17,2020
Kaiji: Final Game,14608,290.0,9204.0,63.0,290.0,May 29,2020
Await the Dawn,14218,191.0,7757.0,54.6,191.0,Sep 18,2020
Recon,10086,204.0,5931.0,58.8,204.0,Dec 4,2020
"My Love, Don't Cross That River2020 Re-release",7499,279.0,7498.0,100.0,279.0,Aug 21,2020
American Fighter,6361,221.0,4050.0,63.7,221.0,Oct 16,2020
Inception10th Anniversary re-release,6278,1206.0,45071.0,717.9,1206.0,Aug 21,2020
Mother Gamer,6118,229.0,4049.0,66.2,229.0,Oct 10,2020
Becoming,5377,153.0,3170.0,59.0,153.0,Jun 26,2020
The Glorious Pain,5351,96.0,2115.0,39.5,96.0,Nov 13,2020
Bi Mat Dao Linh Xa,4071,61.0,1708.0,42.0,61.0,Jan 25,2020
Range Runners,3811,79.0,1701.0,44.6,79.0,Sep 25,2020
"Dad, I'm Sorry",17130489,10783.0,2388943.0,13.9,7105.0,Mar 3,2021
Face Off: 48H,6781370,10308.0,1771028.0,26.1,10308.0,Apr 15,2021
Godzilla vs. Kong,5600000,7043.0,2206837.0,39.4,10.0,Mar 25,2021
Spider-Man: No Way Home,4375144,5463.0,1239721.0,28.3,5463.0,Dec 17,2021
The Con-Heartist,1559911,3381.0,280543.0,18.0,3381.0,Jan 13,2021
The Guardian,1398729,7039.0,1160359.0,83.0,7039.0,Apr 30,2021
Raya and the Last Dragon,984833,2018.0,187416.0,19.0,2018.0,Mar 3,2021
Mortal Kombat,942304,1628.0,485621.0,51.5,5.0,Apr 9,2021
Tom & Jerry,747876,2584.0,175632.0,23.5,2584.0,Feb 17,2021
Trang Ti Phieu Luu Ky,665224,4037.0,665224.0,100.0,4037.0,Apr 30,2021
Tazza: One-Eyed Jack2021 Re-release,645401,1814.0,232351.0,36.0,1814.0,Feb 12,2021
Detective Conan: The Scarlet Bullet,494012,2197.0,169279.0,34.3,2197.0,Apr 23,2021
The Unholy,480129,1966.0,212879.0,44.3,1966.0,Apr 2,2021
Seobok,294123,1317.0,100574.0,34.2,1317.0,Apr 15,2021
Demon Hunter Yan Chixia,258608,446.0,97740.0,37.8,1.0,Apr 9,2021
The Matrix Resurrections,238972,1269.0,134528.0,56.3,1269.0,Dec 22,2021
The Boss Baby 2: Family Business,204112,654.0,67046.0,32.8,654.0,Dec 24,2021
Twist,196830,733.0,72895.0,37.0,733.0,Feb 12,2021
Come Play,187705,1067.0,36970.0,19.7,1067.0,Jan 22,2021
The Child Who Would Not Come,187589,1270.0,46163.0,24.6,1270.0,Jan 22,2021
Ainbo,168026,951.0,76006.0,45.2,951.0,Feb 12,2021
Two by Two: Overboard!,148860,639.0,63464.0,42.6,639.0,Mar 26,2021
Song Song,148199,1288.0,74389.0,50.2,1288.0,Apr 2,2021
Maya the Bee 3: The Golden Orb,145738,793.0,51222.0,35.1,793.0,Apr 23,2021
Dreambuilders,105347,619.0,49857.0,47.3,619.0,Apr 9,2021
Captain Sabertooth and the Magic Diamond,102276,847.0,50779.0,49.6,847.0,Jan 15,2021
Harry Potter and the Deathly Hallows: Part 22020 Re-release,97729,595.0,50218.0,51.4,595.0,Apr 2,2021
Kieu,89973,1.0,57841.0,64.3,1.0,Apr 9,2021
Horizon Line,85925,1120.0,33980.0,39.5,1120.0,Jan 29,2021
Boss Level,85665,778.0,39083.0,45.6,778.0,Apr 23,2021
The Marksman,81489,897.0,29083.0,35.7,897.0,Jan 22,2021
The Cursed Lesson,78647,1185.0,45920.0,58.4,1185.0,Jan 15,2021
"Josee, the Tiger and the Fish2020 Re-release",77706,469.0,45605.0,58.7,469.0,Apr 9,2021
The Vault,75040,595.0,40465.0,53.9,595.0,Apr 2,2021
Palm Springs,69652,751.0,29646.0,42.6,751.0,Mar 3,2021
Voyagers,52917,300.0,7212.0,13.6,300.0,Apr 9,2021
Nobody,51050,657.0,51050.0,100.0,657.0,Apr 30,2021
Sinkhole,49007,494.0,49007.0,100.0,494.0,Dec 24,2021
Host,46734,754.0,25922.0,55.5,754.0,Jan 8,2021
Hypnosis,40533,565.0,17077.0,42.1,565.0,Apr 23,2021
The Day I Died: Unclosed Case,39001,751.0,19832.0,50.8,751.0,Jan 29,2021
Redemption Day,35243,605.0,22006.0,62.4,605.0,Jan 15,2021
The Shed,34758,524.0,20955.0,60.3,524.0,Jan 8,2021
Stigmatized Properties,32320,156.0,6113.0,18.9,156.0,Jan 22,2021
Promising Young Woman,31814,407.0,13433.0,42.2,407.0,Apr 2,2021
The Cursed,26603,204.0,12321.0,46.3,204.0,Dec 16,2021
The Promised Neverland,26569,521.0,16788.0,63.2,521.0,Jan 15,2021
Combat Wombat,25669,310.0,14773.0,57.6,310.0,Feb 12,2021
The Last Warrior: Root of Evil,16614,288.0,16614.0,100.0,288.0,Apr 30,2021
Fate/Grand Order the Movie: Divine Realm of the Round Table: Camelot,16052,227.0,9009.0,56.1,227.0,Apr 16,2021
Double Patty,14982,343.0,8562.0,57.1,343.0,Apr 23,2021
West Side Story2021 Re-release,12717,88.0,12717.0,100.0,88.0,Dec 24,2021
Minari,10761,241.0,8224.0,76.4,241.0,Apr 2,2021
Prey,9377,336.0,9377.0,100.0,336.0,Jan 8,2021
Sumikko Gurashi the Movie: The Unexpected Picture Book and the Secret Child2021 Re-release,6332,239.0,6332.0,100.0,239.0,Jan 8,2021
Our Friend2021 Re-release,4996,108.0,2993.0,59.9,108.0,Apr 16,2021
Avatar: The Way of Water,11418748,11121.0,2568365.0,22.5,11121.0,Dec 15,2022
Doctor Strange in the Multiverse of Madness,8613576,12686.0,2791119.0,32.4,12686.0,May 4,2022
Minions: The Rise of Gru,8095995,9041.0,1599055.0,19.8,9041.0,Jul 1,2022
Thor: Love and Thunder,5098844,10559.0,1860406.0,36.5,10559.0,Jul 6,2022
Em Va Trinh,4164201,7510.0,509092.0,12.2,4230.0,Jun 10,2022
Paws of Fury: The Legend of Hank,3411585,3923.0,93981.0,2.8,1342.0,Aug 26,2022
Black Panther: Wakanda Forever,3318878,9065.0,791374.0,23.8,9065.0,Nov 9,2022
Black Adam,3186896,9693.0,1125152.0,35.3,9693.0,Oct 20,2022
Jurassic World Dominion,3178781,6857.0,685114.0,21.6,5002.0,Jun 10,2022
Extremely Easy Job,2956808,6956.0,355975.0,12.0,4517.0,Apr 22,2022
Chia Khoa Tram Ty (A Hundred Billion Key),2851565,4366.0,1086679.0,38.1,4366.0,Feb 1,2022
Vietnamese Horror Story,2569119,7094.0,1795484.0,69.9,7094.0,Feb 11,2022
Emergency Declaration,2436380,5712.0,698217.0,28.7,5712.0,Aug 12,2022
Puss in Boots: The Last Wish,2336528,3387.0,530287.0,22.7,3387.0,Dec 30,2022
The Batman,2166813,5926.0,935619.0,43.2,5926.0,Mar 4,2022
Girl from the Past,2136495,8367.0,831275.0,38.9,8367.0,Oct 12,2022
One Piece Film: Red,2101640,9224.0,1162559.0,55.3,9224.0,Nov 18,2022
Loved Child,1935595,3896.0,456229.0,23.6,3896.0,Jul 28,2022
The Ancestral,1739866,6332.0,658108.0,37.8,6332.0,Mar 18,2022
Fantastic Beasts: The Secrets of Dumbledore,1671277,6230.0,77782.0,4.7,973.0,Apr 22,2022
Daeng Phra Khanong,1502808,3932.0,441715.0,29.4,3932.0,May 20,2022
Morbius,1348838,7344.0,572996.0,42.5,7344.0,Apr 1,2022
Nhà Không Bán,1271932,2252.0,547582.0,43.1,2252.0,Feb 1,2022
Top Gun: Maverick,1195738,3507.0,335916.0,28.1,3507.0,May 27,2022
Love Destiny: The Movie,1109803,5547.0,158882.0,14.3,1647.0,Sep 1,2022
1990,1106702,2611.0,463450.0,41.9,2611.0,Feb 1,2022
Confidential Assignment 2: International,1086397,3306.0,116089.0,10.7,1527.0,Oct 21,2022
Furies,977950,2973.0,214379.0,21.9,2973.0,Dec 23,2022
DC League of Super-Pets,961560,2808.0,307653.0,32.0,2808.0,Jul 28,2022
The Brilliant Darkness!,914743,1746.0,152540.0,16.7,1746.0,Apr 7,2022
Jujutsu Kaisen 0,870248,4303.0,417043.0,47.9,4303.0,Apr 15,2022
Don't Look at the Demon,849299,3080.0,300480.0,35.4,3080.0,Oct 28,2022
Avatar2022  Re-release,797400,3511.0,346740.0,43.5,3511.0,Sep 23,2022
Turning Red,788417,1647.0,237392.0,30.1,1647.0,Mar 11,2022
Hanh Phúc Máu,775023,2137.0,129024.0,16.6,2137.0,Nov 24,2022
The Witch: Part 2 - The Other One,763366,3321.0,314993.0,41.3,3321.0,Jun 30,2022
Sonic the Hedgehog 2,715994,1575.0,129533.0,18.1,1575.0,Apr 15,2022
The Black Phone,694953,3240.0,296704.0,42.7,3240.0,Jun 24,2022
Moonfall,646171,2610.0,356328.0,55.1,2610.0,Feb 18,2022
Bullet Train,588362,2461.0,206610.0,35.1,2461.0,Aug 5,2022
Encanto,564327,991.0,202321.0,35.9,991.0,Feb 1,2022
Sing 2,555715,989.0,189482.0,34.1,989.0,Feb 1,2022
Smile,554922,2820.0,248784.0,44.8,2820.0,Oct 7,2022
F9: The Fast Saga,539072,2360.0,267038.0,49.5,2360.0,Jan 7,2022
Jackpot Island: Kumanthong Returns,512716,2315.0,215961.0,42.1,2315.0,Dec 22,2022
Lightyear,487138,1274.0,203862.0,41.8,2.0,Jun 17,2022
Chickenhare and the Hamster of Darkness,484358,1518.0,198948.0,41.1,1518.0,Apr 29,2022
Everything Everywhere All at Once,440704,969.0,72991.0,16.6,969.0,Jun 24,2022
Sky Tour: The Movie,416650,3897.0,5977.0,1.4,96.0,Oct 14,2022
Prey for the Devil,398560,2671.0,213849.0,53.7,2671.0,Oct 28,2022
The Bad Guys,375163,1637.0,117194.0,31.2,1637.0,Mar 25,2022
Ivanna,367453,1445.0,131903.0,35.9,1445.0,Sep 1,2022
Death on the Nile,351735,924.0,117666.0,33.5,924.0,Feb 11,2022
Wrath of Man,349085,1936.0,278048.0,79.7,1936.0,Mar 11,2022
Alienoid,348749,2089.0,157228.0,45.1,2089.0,Aug 5,2022
Jailangkung: Sandekala,343774,3213.0,179405.0,52.2,3213.0,Dec 9,2022
The Lost City,343425,2313.0,159909.0,46.6,2313.0,Mar 25,2022
Nope,319624,2448.0,120459.0,37.7,2448.0,Aug 26,2022
Men Gai Mien Tay,317976,1418.0,73449.0,23.1,1418.0,Mar 25,2022
Gangnam Zombie,311958,2054.0,186746.0,59.9,2054.0,Dec 29,2022
"Lyle, Lyle, Crocodile",310491,1423.0,56797.0,18.3,692.0,Oct 28,2022
Ex,298884,1965.0,157783.0,52.8,1965.0,Feb 25,2022
Maika,276867,1135.0,66253.0,23.9,1135.0,May 27,2022
Kisaragi Station,259641,494.0,25187.0,9.7,494.0,Sep 16,2022
Kuntilanak 3,255403,1388.0,121655.0,47.6,1388.0,Jun 23,2022
Haunted Universities 2nd Semester,248736,1529.0,110195.0,44.3,1529.0,Jul 29,2022
Violent Night,245296,730.0,113070.0,46.1,201.0,Dec 2,2022
Dragon Ball Super: Super Hero,241788,2610.0,124120.0,51.3,2610.0,Aug 19,2022
Haunted Tales2022 Re-release,228463,237.0,2.0,0.0,985.5,Apr 29,2022
The Policeman's Lineage,221564,1255.0,114565.0,51.7,1255.0,Feb 25,2022
House of Gucci,220506,829.0,83780.0,38.0,829.0,Feb 18,2022
The Invitation,218991,1755.0,87485.0,39.9,1755.0,Aug 26,2022
Broker,214547,1459.0,107526.0,50.1,1459.0,Jun 23,2022
The Menu,209457,905.0,62412.0,29.8,905.0,Nov 18,2022
Decision to Leave,209213,917.0,60347.0,28.8,917.0,Jul 14,2022
Contorted,208758,1807.0,114764.0,55.0,1807.0,Aug 19,2022
The Nightmares,202654,2543.0,106825.0,52.7,2543.0,Aug 26,2022
Mahlûkat,195163,1063.0,99710.0,51.1,1063.0,Aug 5,2022
The Lake,191178,1870.0,119070.0,62.3,1870.0,Sep 16,2022
Glorious Ashes,176398,781.0,56970.0,32.3,1.0,Dec 2,2022
Cherry Magic! Thirty Years of Virginity Can Make You A Wizard?!: The Movie,175968,49.0,77079.0,43.8,1.0,Jul 15,2022
Doraemon the Movie: Nobita's Little Star Wars 2021,170954,3742.0,213249.0,124.7,1849.0,May 20,2022
Harry Potter and the Sorcerer's Stone2021 Re-release,166684,1032.0,75730.0,45.4,1032.0,May 20,2022
Satan's Slaves 2: Communion,155063,1206.0,86188.0,55.6,1206.0,Sep 16,2022
578 Magnum,152905,1942.0,81794.0,53.5,1942.0,May 20,2022
Where the Crawdads Sing,151790,667.0,42487.0,28.0,667.0,Sep 1,2022
Semantic Error: The Movie,146409,1559.0,82880.0,56.6,1559.0,Sep 16,2022
Listeners: The Whispering,139524,1106.0,75789.0,54.3,1106.0,Mar 4,2022
Decibel,137614,2170.0,78502.0,57.0,2170.0,Dec 10,2022
Pil's Adventures,134686,418.0,38458.0,28.6,418.0,May 31,2022
Beast,121274,240.0,74570.0,61.5,204.0,Aug 19,2022
Ambulance,119838,1256.0,62668.0,52.3,1256.0,Mar 18,2022
Moonbound,118738,501.0,33443.0,28.2,501.0,May 31,2022
PAW Patrol: The Movie,115147,418.0,56362.0,48.9,418.0,Feb 1,2022
Evil Eye,107761,1306.0,58762.0,54.5,1306.0,Nov 3,2022
Belle,106371,1049.0,95887.0,90.1,1049.0,Feb 25,2022
Cracked,102231,1060.0,48698.0,47.6,1060.0,Mar 25,2022
Two Buddies and a Badger: The Great Big Beast,101255,466.0,29951.0,29.6,370.0,Feb 25,2022
Play with Me,100018,791.0,48698.0,48.7,791.0,Mar 25,2022
The Little Penguin Pororo's Dinosaur Island Adventure,99329,703.0,48495.0,48.8,703.0,Jul 15,2022
Shark Bait,98439,1008.0,52822.0,53.7,1008.0,May 20,2022
Fast & Feel Love,96437,986.0,50639.0,52.5,986.0,Apr 29,2022
Family Swap,92667,568.0,51939.0,56.0,568.0,Feb 25,2022
Trinh Cong Son,89820,1205.0,48167.0,53.6,1205.0,Jun 10,2022
The Lord of the Rings: The Fellowship of the Ring2022 Re-release,87294,543.0,52222.0,59.8,543.0,Sep 30,2022
The Anchor,84415,598.0,38310.0,45.4,598.0,May 20,2022
Ticket to Paradise,83128,828.0,48421.0,58.2,828.0,Oct 14,2022
The Other Child,80875,678.0,42583.0,52.7,678.0,Nov 18,2022
Jeepers Creepers: Reborn,78676,991.0,50543.0,64.2,991.0,Sep 23,2022
Sword Art Online: Progressive - Aria of a Starless Night,77011,659.0,45832.0,59.5,659.0,Feb 25,2022
Midnight,68427,634.0,27265.0,39.8,634.0,Apr 15,2022
Pee Nak 3,67940,3348.0,295616.0,435.1,3348.0,Apr 15,2022
The Advent Calendar,67877,661.0,27574.0,40.6,661.0,Apr 22,2022
The Woman King,66523,1061.0,40906.0,61.5,1061.0,Oct 14,2022
OMG! Oh My Girl,63757,648.0,30837.0,48.4,648.0,Dec 30,2022
Harry Potter and the Goblet of Fire2021 Re-release,63583,691.0,40270.0,63.3,691.0,Nov 4,2022
Tazza 2: The Hidden Card,61756,583.0,26191.0,42.4,583.0,Jan 21,2022
Hansan: Rising Dragon,60526,664.0,25666.0,42.4,664.0,Aug 26,2022
Fearless Love,59794,594.0,24714.0,41.3,594.0,Nov 18,2022
Nguoi Tình,59357,585.0,20556.0,34.6,585.0,Feb 18,2022
Ghostbusters: Afterlife,57239,634.0,35030.0,61.2,634.0,Jan 7,2022
Hunt,54326,716.0,27879.0,51.3,716.0,Nov 25,2022
"Karem, la posesión",53885,985.0,53885.0,100.0,985.0,Jul 15,2022
Virus-32,51649,384.0,19788.0,38.3,384.0,Jul 8,2022
Gulliver Returns,50334,654.0,34886.0,69.3,654.0,Oct 28,2022
Jaifu Story,50163,841.0,33630.0,67.0,841.0,Oct 7,2022
The Cellar,50134,310.0,25236.0,50.3,310.0,May 27,2022
Muu Ke Thuong Luu,49344,385.0,24240.0,49.1,385.0,Feb 4,2022
The Quintessential Quintuplets Movie,46347,502.0,34517.0,74.5,502.0,Oct 7,2022
Firestarter,46280,1001.0,40952.0,88.5,1001.0,May 13,2022
Marry Me,45673,285.0,22096.0,48.4,285.0,Feb 11,2022
NCT Dream The Movie: In A DREAM,43782,359.0,16348.0,37.3,359.0,Dec 2,2022
The Lord of the Rings: The Two Towers2021 Re-release,43074,333.0,30551.0,70.9,333.0,Oct 14,2022
Faces of Anne,42912,707.0,23002.0,53.6,707.0,Nov 25,2022
The Night,42670,638.0,54771.0,128.4,638.0,Mar 11,2022
Limit,40656,108.0,2867.0,7.1,108.0,Sep 16,2022
Ke Thu Ba,40316,578.0,19436.0,48.2,578.0,May 13,2022
The Unbearable Weight of Massive Talent,40307,382.0,17634.0,43.7,382.0,Apr 22,2022
Blacklight,39304,544.0,57155.0,145.4,544.0,Mar 11,2022
The Ledge,39240,484.0,15236.0,38.8,484.0,Jun 3,2022
Qua Ben Lam Chi,39207,829.0,24997.0,63.8,829.0,Apr 8,2022
Harry Potter and the Order of the Phoenix2022 Re-release,34047,263.0,16715.0,49.1,263.0,Nov 18,2022
Confession,34004,712.0,19311.0,56.8,712.0,Dec 8,2022
The Free Fall,33311,443.0,19066.0,57.2,443.0,Apr 8,2022
Special Delivery,32595,384.0,41255.0,126.6,384.0,Mar 11,2022
Amsterdam,31866,573.0,19240.0,60.4,573.0,Oct 7,2022
Teluh,30332,479.0,17662.0,58.2,479.0,Nov 4,2022
Honest Candidate 2,30331,635.0,21358.0,70.4,635.0,Nov 4,2022
Don't Worry Darling,30177,557.0,19017.0,63.0,557.0,Oct 7,2022
Elvis,30077,251.0,12253.0,40.7,251.0,Jun 24,2022
WarHunt,29494,542.0,17505.0,59.4,542.0,May 13,2022
Escape from Mogadishu,27326,377.0,15000.0,54.9,377.0,Jul 15,2022
Possessed,26440,437.0,8653.0,32.7,437.0,Dec 8,2022
Run Hide Fight,25383,233.0,9148.0,36.0,233.0,Apr 22,2022
Tro Choi Tu Than,24991,398.0,14357.0,57.4,398.0,Sep 23,2022
Nightmare Alley,23825,271.0,10335.0,43.4,271.0,Mar 18,2022
Evangelion: 3.0+1.01 Thrice Upon a Time,22749,300.0,15192.0,66.8,300.0,Sep 30,2022
Fall,22101,494.0,11639.0,52.7,494.0,Aug 19,2022
Harry Potter and the Half-Blood Prince2022  Re-release,21661,288.0,9760.0,45.1,288.0,Dec 2,2022
The Naked Truth,18386,5111.0,559934.0,3045.4,2459.0,Feb 10,2022
The One Hundred,18261,414.0,10848.0,59.4,414.0,Dec 2,2022
Shin Ultraman,17000,318.0,11184.0,65.8,318.0,Sep 30,2022
Nix,16476,279.0,9134.0,55.4,279.0,Oct 7,2022
Sadako DX,15716,503.0,11130.0,70.8,503.0,Dec 2,2022
Gaia,15649,273.0,2586.0,16.5,22.0,Apr 1,2022
The Beast Below,15391,205.0,7910.0,51.4,205.0,Sep 23,2022
Come Back Home,15227,30.0,9367.0,61.5,985.5,Dec 2,2022
Gekijouban Free! the Final Stroke - Part 1,14603,58.0,7631.0,52.3,58.0,Mar 4,2022
They Crawl Beneath,12693,240.0,7854.0,61.9,240.0,Oct 14,2022
Memento Mori: Dat,10450,273.0,4713.0,45.1,273.0,Oct 7,2022
Life Is Beautiful,9943,290.0,5968.0,60.0,290.0,Oct 28,2022
Seventeen Power of Love,9436,415.0,9436.0,100.0,415.0,Apr 22,2022
Good Morning,9265,27.0,4765.0,51.4,27.0,May 27,2022
Gintama: The Final,8309,129.0,8309.0,100.0,129.0,Feb 11,2022
The House of No Man,19490980,11271.0,909234.0,4.7,3390.0,Jan 22,2023
Face Off 6: The Ticket of Destiny,11538081,10121.0,2810524.0,24.4,10121.0,Apr 25,2023
Aquaman,5319040,273.0,10186.0,0.2,273.0,Nov 17,2023
Hustler vs Scammer (Sieu Lua Gap Sieu Lay),5166455,7306.0,1013154.0,19.6,7306.0,Mar 2,2023
Chi Chi Em Em 2,5109674,3483.0,230757.0,4.5,1504.0,Jan 22,2023
Fast X,4809895,2742.0,1713589.0,35.6,214.0,May 19,2023
Quy Cau,4421932,4382.0,421509.0,9.5,2733.0,Dec 22,2023
Elemental,4006145,5102.0,131608.0,3.3,1204.0,Jun 17,2023
The Last Wife,3960671,5520.0,1100643.0,27.8,8.0,Nov 1,2023
Detective Conan: Black Iron Submarine,3901191,8755.0,625333.0,16.0,5093.0,Jul 15,2023
Aquaman and the Lost Kingdom,3557621,8669.0,1170989.0,32.9,8669.0,Dec 22,2023
Doraemon the Movie: Nobita's Sky Utopia,3499539,5734.0,335472.0,9.6,2300.0,May 19,2023
Con Nhot Mot Chong,3088496,5823.0,753234.0,24.4,5823.0,Apr 21,2023
Transformers: Rise of the Beasts,3023752,9359.0,1269019.0,42.0,9359.0,Jun 9,2023
The Soul Reaper,2723248,9815.0,1031641.0,37.9,9815.0,Dec 14,2023
Ant-Man and the Wasp: Quantumania,2643347,9055.0,980630.0,37.1,9055.0,Feb 15,2023
The Nun II,2570523,9800.0,1005335.0,39.1,9800.0,Sep 8,2023
Mission: Impossible - Dead Reckoning Part One,2518565,4563.0,622158.0,24.7,4563.0,Jul 8,2023
Guardians of the Galaxy Vol. 3,2272802,4028.0,638014.0,28.1,4028.0,May 3,2023
Death Whisperer,2241292,3591.0,269871.0,12.0,2198.0,Dec 27,2023
Love Reset,2030560,3125.0,383606.0,18.9,3047.0,Nov 10,2023
Bad Blood,1746869,6310.0,523247.0,30.0,6310.0,Aug 25,2023
Spider-Man: Across the Spider-Verse,1738697,3642.0,439199.0,25.3,3642.0,Jun 1,2023
Insidious: The Red Door,1670647,5207.0,508204.0,30.4,5207.0,Jul 12,2023
Migration,1669376,2526.0,344038.0,20.6,206.0,Dec 29,2023
Oppenheimer,1487520,205.0,431746.0,29.0,205.0,Aug 11,2023
Home for Rent,1392984,3853.0,300009.0,21.5,3853.0,Jun 21,2023
Marry My Dead Body,1330853,5337.0,432207.0,32.5,5337.0,Apr 7,2023
The Super Mario Bros. Movie,1304718,2959.0,425826.0,32.6,197.0,Apr 7,2023
The Marvels,1257400,6280.0,640856.0,51.0,6280.0,Nov 9,2023
The Flash,1146070,5726.0,567626.0,49.5,5726.0,Jun 16,2023
The Expendables 4,1142925,4743.0,398863.0,34.9,4743.0,Sep 22,2023
Shazam! Fury of the Gods,990886,5827.0,451475.0,45.6,5827.0,Mar 17,2023
Taylor Swift: The Eras Tour,961778,578.0,357544.0,37.2,1.0,Nov 3,2023
The Moon,959622,2638.0,267469.0,27.9,2638.0,Aug 10,2023
Tren Ban Nhau Duoi Ban Muu,951294,3979.0,325154.0,34.2,3979.0,Dec 29,2023
Black Rose,941566,3488.0,264457.0,28.1,3355.0,Nov 17,2023
Concrete Utopia,930326,3552.0,98847.0,10.6,1430.0,Aug 26,2023
The Pope's Exorcist,874991,3518.0,314507.0,35.9,3518.0,Apr 12,2023
Honey Sweet,789990,2635.0,199196.0,25.2,2635.0,Sep 15,2023
Soulmate,769640,3016.0,167597.0,21.8,2004.0,Mar 24,2023
The Roundup: No Way Out,665709,1901.0,204214.0,30.7,1901.0,May 31,2023
M3GAN,652765,199.0,255792.0,39.2,199.0,Jan 27,2023
Cats in the Museum,602722,1419.0,236174.0,39.2,1419.0,Apr 28,2023
Talk to Me,577702,3274.0,241569.0,41.8,3274.0,Aug 11,2023
The Childe,564557,1977.0,170359.0,30.2,1977.0,Jun 22,2023
The Little Mermaid,556801,2231.0,169266.0,30.4,2231.0,May 26,2023
Mummies,552872,626.0,61263.0,11.1,501.0,Jan 22,2023
PAW Patrol: The Mighty Movie,530121,2582.0,185309.0,35.0,2582.0,Sep 29,2023
Tri Am the Movie: Nguoi Giu Thoi Gian,524872,1148.0,74170.0,14.1,1148.0,Apr 6,2023
Wish,506917,2767.0,216988.0,42.8,2767.0,Nov 24,2023
Dungeons & Dragons: Honor Among Thieves,489282,3191.0,220817.0,45.1,3191.0,Apr 20,2023
Missing,481259,1329.0,125362.0,26.0,1329.0,Feb 23,2023
Past Lives,460684,1442.0,117763.0,25.6,1442.0,Sep 28,2023
The Exorcist: Believer,436818,3237.0,188625.0,43.2,3237.0,Oct 6,2023
Biet Doi Rat On,427714,4569.0,235240.0,55.0,4569.0,Mar 30,2023
Jungle Bunch: Operation Meltdown,406570,1764.0,223005.0,54.9,1764.0,Sep 1,2023
Consecration,403718,3377.0,256665.0,63.6,3377.0,Feb 24,2023
Kumarn,403462,2995.0,179493.0,44.5,2995.0,Oct 5,2023
Hoon Payon,350170,1659.0,144457.0,41.3,1659.0,Jun 2,2023
Bear Man,349276,1390.0,134592.0,38.5,1390.0,Apr 21,2023
Dr. Cheon and Lost Talisman,329817,2076.0,142758.0,43.3,2076.0,Oct 6,2023
Haunted Mansion,325043,2038.0,111032.0,34.2,2038.0,Jul 27,2023
Five Nights at Freddy's,322489,931.0,164563.0,51.0,209.0,Oct 26,2023
Epic Tails,320317,1362.0,71189.0,22.2,905.0,Feb 24,2023
The First Slam Dunk,318747,2133.0,124243.0,39.0,2133.0,Apr 14,2023
Trolls Band Together,307161,304.0,149625.0,48.7,204.0,Nov 17,2023
Tastes of Horror,300468,647.0,69988.0,23.3,647.0,Oct 26,2023
Brave Citizen,271316,1345.0,82263.0,30.3,1345.0,Nov 24,2023
Operation Fortune: Ruse de Guerre,266849,359.0,24637.0,9.2,298.0,Jan 22,2023
The Boogeyman,250647,1376.0,84073.0,33.5,1376.0,May 31,2023
The Ghost Station,231214,796.0,88777.0,38.4,796.0,Apr 28,2023
Blue Whale,225271,2318.0,80322.0,35.7,2318.0,Aug 3,2023
The Communion Girl,224305,1434.0,106239.0,47.4,1434.0,Mar 17,2023
Indiana Jones and the Dial of Destiny,219784,1855.0,106987.0,48.7,1855.0,Jun 29,2023
The Equalizer 3,200061,1532.0,94130.0,47.1,1532.0,Sep 1,2023
Midnight horror,199024,1955.0,88752.0,44.6,1955.0,Jan 6,2023
The Hunger Games: The Ballad of Songbirds & Snakes,194779,655.0,81056.0,41.6,335.0,Nov 17,2023
The Bridge Curse: Ritual,185176,1510.0,81251.0,43.9,1510.0,Nov 24,2023
Pororo: Dragon Castle Adventure,182821,385.0,20011.0,10.9,212.0,Jan 22,2023
Devils,179135,1269.0,74699.0,41.7,1269.0,Jul 28,2023
The White Storm 3: Heaven or Hell,174778,1660.0,91339.0,52.3,1660.0,Aug 4,2023
Fireheart,170983,718.0,15603.0,9.1,299.0,May 3,2023
Zombie Ferry Station,166340,1747.0,111373.0,67.0,1747.0,Sep 1,2023
Pulau,153397,1485.0,74869.0,48.8,1485.0,Mar 31,2023
Ruby Gillman: Teenage Kraken,152545,377.0,78107.0,51.2,190.0,Jun 30,2023
La Exorcista,147558,1354.0,74398.0,50.4,1354.0,Jun 30,2023
Crayon Shin-chan: Mononoke Ninja Chinpuden,136115,901.0,52387.0,38.5,901.0,Jan 6,2023
Big Trip 2: Special Delivery,135118,671.0,6694.0,5.0,78.0,Feb 24,2023
That Time I Got Reincarnated as a Slime the Movie: Scarlet Bond,134842,1044.0,77045.0,57.1,1044.0,Feb 24,2023
How to Save the Immortal,131859,958.0,65234.0,49.5,958.0,Mar 24,2023
Khi Ta Hai Lam,128599,1446.0,49820.0,38.7,1446.0,Mar 3,2023
Single in Seoul,114728,806.0,49718.0,43.3,806.0,Dec 15,2023
Inhuman Kiss: The Last Breath,108451,645.0,59164.0,54.6,645.0,Apr 28,2023
No Hard Feelings,107833,632.0,33896.0,31.4,632.0,Jun 22,2023
Little Bird: The Big Quest,102580,653.0,29583.0,28.8,578.0,Dec 15,2023
My Fairy Troublemaker,102225,747.0,47527.0,46.5,747.0,Feb 19,2023
Children of the Mist,98452,280.0,7787.0,7.9,114.0,Mar 17,2023
Touch Happiness,97855,627.0,45765.0,46.8,627.0,Sep 1,2023
Giao Lo 8675,96843,1144.0,45020.0,46.5,1144.0,Oct 3,2023
Ransomed,95820,545.0,37748.0,39.4,545.0,Sep 1,2023
Rally Road Racers,94300,473.0,19881.0,21.1,343.0,Jul 7,2023
The Black Demon,94264,985.0,59198.0,62.8,985.0,May 12,2023
Men of Plastic,88898,843.0,41433.0,46.6,843.0,Jan 6,2023
Target,87250,800.0,32207.0,36.9,800.0,Sep 15,2023
Hello Jadoo: The Secret of Jeju Island,83932,694.0,43221.0,51.5,694.0,Dec 15,2023
Live: Phat Truc Tiep,82654,1253.0,48305.0,58.4,1253.0,Sep 22,2023
Hostage: Missing Celebrity,80161,350.0,9561.0,11.9,143.0,Feb 24,2023
Little Eggs: An African Rescue,79996,615.0,44479.0,55.6,615.0,Jun 9,2023
Ditto,76283,611.0,25533.0,33.5,611.0,Feb 10,2023
Mavka: The Forest Song,75976,561.0,36923.0,48.6,561.0,Jun 16,2023
The Inseparables,75553,724.0,47680.0,63.1,724.0,Sep 1,2023
Renfield,73625,1187.0,51374.0,69.8,1187.0,Apr 14,2023
Fanti,72899,1398.0,45331.0,62.2,1398.0,Jul 28,2023
Napoleon,70512,488.0,31732.0,45.0,488.0,Dec 1,2023
Scarygirl,67926,570.0,15436.0,22.7,281.0,Dec 29,2023
Sisu,61140,184.0,32031.0,52.4,184.0,May 12,2023
Streamer,60726,711.0,4563.0,7.5,153.0,Jul 28,2023
Inside the Yellow Cocoon Shell,59762,439.0,21857.0,36.6,439.0,Aug 11,2023
Knock at the Cabin,59067,180.0,37048.0,62.7,180.0,Feb 3,2023
Not Friends,56028,901.0,23448.0,41.9,901.0,Dec 1,2023
Desire Grand Prix,55418,1047.0,41923.0,75.6,1047.0,Mar 3,2023
The Undertaker,51702,699.0,32988.0,63.8,699.0,Dec 15,2023
SUGA: Road to D-DAY,50657,670.0,50657.0,100.0,670.0,Jun 16,2023
Khanzab,50269,607.0,28561.0,56.8,607.0,May 26,2023
Hypnotic,49002,555.0,25958.0,53.0,555.0,May 12,2023
Godless: The Eastfield Exorcism,47724,756.0,33347.0,69.9,756.0,Sep 29,2023
Immersion,46862,804.0,28583.0,61.0,804.0,Sep 22,2023
Miss Fortune,45063,760.0,30006.0,66.6,760.0,Nov 3,2023
Deep Fear,43949,670.0,22729.0,51.7,670.0,Aug 25,2023
Dear David,43725,475.0,18981.0,43.4,475.0,Nov 10,2023
Retribution,43711,839.0,28419.0,65.0,839.0,Sep 15,2023
Creed III,41883,382.0,21108.0,50.4,382.0,Mar 24,2023
Tid Noy,41705,533.0,22372.0,53.6,533.0,May 5,2023
The Ghost Within,40221,549.0,24146.0,60.0,549.0,Apr 14,2023
Cobweb,40220,523.0,18207.0,45.3,523.0,Oct 13,2023
The Accursed,39114,261.0,21710.0,55.5,261.0,May 12,2023
j-hope IN THE BOX,36895,598.0,36895.0,100.0,598.0,Jun 16,2023
Batman Begins2023 Re-release,35962,421.0,17952.0,49.9,421.0,Sep 27,2023
Sound of Silence,35933,507.0,13841.0,38.5,507.0,Apr 21,2023
Lonely Castle in the Mirror,35079,575.0,20250.0,57.7,575.0,Jun 30,2023
The Point Men,33927,319.0,15508.0,45.7,319.0,Feb 19,2023
Guy Ritchie's the Covenant,33704,293.0,10327.0,30.6,293.0,Apr 21,2023
Grave Lands,33123,509.0,19750.0,59.6,509.0,Nov 10,2023
Siam Curse,32510,940.0,32510.0,100.0,940.0,Dec 1,2023
Take Care of My Mom,31839,566.0,16710.0,52.5,566.0,Jan 6,2023
My Heart Puppy,30591,410.0,17088.0,55.9,410.0,Mar 17,2023
Acid,28371,497.0,20596.0,72.6,497.0,Sep 29,2023
Good Job,27649,1026.0,27649.0,100.0,1026.0,Dec 1,2023
Anatomy of a Fall,26072,127.0,8241.0,31.6,127.0,Nov 10,2023
My Precious,25874,908.0,25874.0,100.0,908.0,Aug 11,2023
The Lockdown Hauntings,25855,462.0,15333.0,59.3,462.0,Jan 6,2023
The Fabelmans,22041,13.0,9622.0,43.7,839.0,Feb 10,2023
IU Concert: The Golden Hour,21949,233.0,8979.0,40.9,233.0,Sep 28,2023
"The Tunnel to Summer, the Exit of Goodbyes",21012,442.0,21012.0,100.0,442.0,Dec 1,2023
Chebi: My Fluffy Friend,19683,206.0,8376.0,42.6,206.0,May 3,2023
The Creeping,17626,295.0,9512.0,54.0,295.0,May 26,2023
Love My Scent,17399,398.0,11293.0,64.9,398.0,Jul 7,2023
Assassin Club,17014,374.0,1093.0,6.4,71.0,Apr 14,2023
After Sundown,17003,296.0,5670.0,33.3,296.0,Sep 15,2023
Air,16555,205.0,7223.0,43.6,205.0,Apr 14,2023
Man Suang,15842,270.0,8177.0,51.6,270.0,Sep 29,2023
The Last 10 Years,15702,407.0,16589.0,105.6,407.0,Aug 4,2023
Space Pups,15671,278.0,9715.0,62.0,278.0,Jul 7,2023
Resident Evil: Death Island,15469,386.0,10580.0,68.4,386.0,Jul 7,2023
Qodrat,15404,409.0,9577.0,62.2,409.0,Feb 24,2023
Hopeless,14896,320.0,8228.0,55.2,320.0,Nov 17,2023
My Worst Neighbour,14861,371.0,8184.0,55.1,371.0,Jul 28,2023
Back Home,14805,1585.0,133559.0,902.1,1585.0,Oct 26,2023
Mount Chiak,14432,273.0,8860.0,61.4,273.0,Dec 15,2023
My Beautiful Man: Eternal,14049,438.0,11123.0,79.2,438.0,Apr 14,2023
You & Me & Me,12406,442.0,8695.0,70.1,442.0,Apr 7,2023
Mai,22184037,11129.0,2055973.0,9.3,6784.0,Feb 10,2024
Exhuma,6611268,11123.0,2643915.0,40.0,11123.0,Mar 13,2024
Kung Fu Panda 4,4684354,9718.0,2198296.0,46.9,9718.0,Mar 8,2024
Gap Lai Chi Bau,3749297,2628.0,364384.0,9.7,6.0,Feb 2,2024
Dune: Part Two,1535100,2865.0,388787.0,25.3,2865.0,Mar 1,2024
Spy x Family Code: White,1063386,878.0,147282.0,13.9,878.0,Feb 10,2024
The Beekeeper,799821,2456.0,205536.0,25.7,2456.0,Jan 12,2024
"Dao, Pho Va Piano",666334,571.0,36775.0,5.5,93.0,Feb 23,2024
Noah's Ark,656562,767.0,141211.0,21.5,767.0,Feb 10,2024
Demon Slayer: Kimetsu No Yaiba - To the Hashira Training,511679,2423.0,320017.0,62.5,2423.0,Feb 23,2024
Madame Web,419786,310.0,134470.0,32.0,1.0,Feb 14,2024
Baghead,401968,1754.0,200949.0,50.0,1754.0,Mar 1,2024
Dogs at the Opera,295244,886.0,163028.0,55.2,886.0,Feb 16,2024
Citizen of a Kind,279853,1134.0,104204.0,37.2,1134.0,Mar 1,2024
Argylle,264095,701.0,78220.0,29.6,701.0,Feb 10,2024
It Remains,242996,2352.0,113743.0,46.8,2352.0,Jan 18,2024
No Way Up,216884,797.0,78765.0,36.3,158.0,Jan 26,2024
Alienoid: The Return to the Future,192288,1760.0,93000.0,48.4,1760.0,Jan 10,2024
Dog Days,176084,612.0,65006.0,36.9,612.0,Feb 23,2024
Katak: The Brave Beluga,133921,902.0,16374.0,12.2,363.0,Jan 21,2024
Pororo Popstar Adventure,124184,543.0,65243.0,52.5,543.0,Feb 16,2024
Sana,111356,1210.0,62475.0,56.1,1210.0,Jan 10,2024
The Exorcists,97296,668.0,59812.0,61.5,668.0,Feb 23,2024
All Fun and Games,88797,1261.0,39431.0,44.4,1261.0,Jan 26,2024
Sang Den,83140,1041.0,28371.0,34.1,381.0,Feb 10,2024
Night Swim,81462,786.0,57761.0,70.9,786.0,Feb 23,2024
The Verge of Death,53155,731.0,29841.0,56.1,731.0,Jan 5,2024
The Bricklayer,51724,818.0,36824.0,71.2,818.0,Jan 5,2024
The Promised Land,47102,937.0,47102.0,100.0,937.0,Mar 22,2024
Marita,47089,406.0,35524.0,75.4,406.0,Mar 8,2024
Noryang: Deadly Sea,44174,439.0,13209.0,29.9,439.0,Jan 21,2024
The Taste of Things,38473,577.0,38473.0,100.0,577.0,Mar 22,2024
Ape vs. Mecha Ape,37591,682.0,26033.0,69.3,682.0,Jan 12,2024
Silent Love,25849,499.0,16760.0,64.8,499.0,Mar 8,2024
Dead Man,21735,594.0,21735.0,100.0,594.0,Mar 22,2024
Trà,16984,338.0,16984.0,100.0,338.0,Feb 10,2024
Tokyo MER,13517,231.0,4238.0,31.4,231.0,Jan 21,2024
Miller's Girl,12084,261.0,12084.0,100.0,261.0,Feb 16,2024
Rascal Does Not Dream of a Knapsack Kid,11559,223.0,8061.0,69.7,223.0,Mar 1,2024
Cellphone,11396,238.0,7193.0,63.1,238.0,Mar 1,2024
Slyth: The Hunt Saga,10039,170.0,4915.0,49.0,170.0,Mar 15,2024
Digimon Adventure 02: The Beginning,9130,165.0,4794.0,52.5,165.0,Jan 21,2024
Bob Marley: One Love,3894,65.0,2064.0,53.0,65.0,Mar 15,2024
City Hunter the Movie: Angel Dust,1088,94.0,1088.0,100.0,94.0,Mar 1,2024
